ID,class
1,farm
2,grass
3,orchard
4,farm
5,forest
6,farm
7,impervious
8,grass
9,orchard
10,grass
11,orchard
12,farm
13,orchard
14,grass
15,forest
16,orchard
17,orchard
18,orchard
19,grass
20,impervious
21,forest
22,orchard
23,farm
24,water
25,water
26,water
27,water
28,farm
29,water
30,water
31,water
32,farm
33,water
34,grass
35,impervious
36,farm
37,water
38,water
39,water
40,impervious
41,impervious
42,water
43,water
44,impervious
45,water
46,forest
47,water
48,impervious
49,water
50,water
51,impervious
52,water
53,impervious
54,water
55,water
56,impervious
57,impervious
58,water
59,impervious
60,impervious
61,water
62,farm
63,impervious
64,water
65,water
66,farm
67,impervious
68,water
69,water
70,grass
71,water
72,forest
73,impervious
74,water
75,water
76,impervious
77,impervious
78,forest
79,forest
80,water
81,water
82,water
83,impervious
84,water
85,water
86,water
87,water
88,water
89,water
90,impervious
91,impervious
92,water
93,water
94,impervious
95,impervious
96,water
97,water
98,impervious
99,impervious
100,water
101,farm
102,impervious
103,impervious
104,impervious
105,water
106,impervious
107,water
108,impervious
109,water
110,impervious
111,impervious
112,water
113,farm
114,water
115,impervious
116,impervious
117,water
118,impervious
119,water
120,forest
121,forest
122,water
123,water
124,grass
125,grass
126,grass
127,grass
128,impervious
129,farm
130,orchard
131,impervious
132,grass
133,orchard
134,farm
135,grass
136,grass
137,farm
138,forest
139,grass
140,impervious
141,orchard
142,farm
143,impervious
144,orchard
145,grass
146,grass
147,water
148,forest
149,orchard
150,grass
151,water
152,grass
153,water
154,grass
155,grass
156,impervious
157,impervious
158,forest
159,grass
160,grass
161,forest
162,grass
163,grass
164,orchard
165,grass
166,forest
167,grass
168,orchard
169,grass
170,forest
171,forest
172,impervious
173,farm
174,farm
175,grass
176,orchard
177,grass
178,grass
179,grass
180,orchard
181,grass
182,orchard
183,water
184,impervious
185,grass
186,grass
187,impervious
188,forest
189,grass
190,grass
191,forest
192,grass
193,forest
194,water
195,impervious
196,orchard
197,orchard
198,farm
199,grass
200,grass
201,grass
202,grass
203,forest
204,grass
205,forest
206,grass
207,orchard
208,grass
209,farm
210,grass
211,impervious
212,grass
213,impervious
214,grass
215,water
216,grass
217,impervious
218,farm
219,farm
220,grass
221,orchard
222,forest
223,grass
224,grass
225,grass
226,grass
227,grass
228,farm
229,grass
230,grass
231,grass
232,water
233,orchard
234,grass
235,orchard
236,grass
237,orchard
238,forest
239,grass
240,farm
241,orchard
242,impervious
243,impervious
244,forest
245,orchard
246,orchard
247,grass
248,farm
249,forest
250,grass
251,grass
252,impervious
253,grass
254,orchard
255,impervious
256,impervious
257,orchard
258,grass
259,grass
260,farm
261,farm
262,grass
263,grass
264,orchard
265,grass
266,grass
267,grass
268,orchard
269,grass
270,grass
271,orchard
272,impervious
273,grass
274,grass
275,grass
276,impervious
277,grass
278,grass
279,orchard
280,grass
281,grass
282,farm
283,forest
284,grass
285,impervious
286,orchard
287,grass
288,farm
289,farm
290,grass
291,grass
292,grass
293,orchard
294,grass
295,orchard
296,grass
297,grass
298,grass
299,farm
300,forest
301,forest
302,grass
303,orchard
304,grass
305,farm
306,grass
307,orchard
308,grass
309,impervious
310,orchard
311,grass
312,grass
313,grass
314,grass
315,forest
316,grass
317,grass
318,grass
319,farm
320,water
321,grass
322,grass
323,grass
324,impervious
325,grass
326,grass
327,grass
328,grass
329,forest
330,water
331,orchard
332,grass
333,orchard
334,grass
335,impervious
336,water
337,grass
338,water
339,grass
340,grass
341,orchard
342,grass
343,grass
344,orchard
345,grass
346,forest
347,orchard
348,forest
349,impervious
350,grass
351,water
352,grass
353,grass
354,orchard
355,orchard
356,grass
357,impervious
358,grass
359,grass
360,impervious
361,grass
362,grass
363,grass
364,forest
365,orchard
366,orchard
367,grass
368,grass
369,orchard
370,orchard
371,water
372,orchard
373,forest
374,impervious
375,impervious
376,farm
377,impervious
378,impervious
379,impervious
380,impervious
381,grass
382,impervious
383,impervious
384,impervious
385,impervious
386,impervious
387,impervious
388,impervious
389,impervious
390,impervious
391,impervious
392,impervious
393,grass
394,impervious
395,impervious
396,impervious
397,impervious
398,farm
399,impervious
400,grass
401,impervious
402,impervious
403,impervious
404,impervious
405,grass
406,impervious
407,impervious
408,impervious
409,impervious
410,grass
411,impervious
412,impervious
413,impervious
414,impervious
415,water
416,impervious
417,impervious
418,grass
419,impervious
420,impervious
421,impervious
422,water
423,grass
424,impervious
425,impervious
426,impervious
427,grass
428,impervious
429,impervious
430,impervious
431,grass
432,impervious
433,impervious
434,impervious
435,impervious
436,impervious
437,impervious
438,impervious
439,impervious
440,impervious
441,impervious
442,impervious
443,impervious
444,orchard
445,impervious
446,impervious
447,impervious
448,farm
449,impervious
450,impervious
451,water
452,orchard
453,impervious
454,impervious
455,grass
456,impervious
457,impervious
458,impervious
459,water
460,impervious
461,impervious
462,impervious
463,farm
464,impervious
465,impervious
466,impervious
467,impervious
468,impervious
469,impervious
470,impervious
471,impervious
472,impervious
473,impervious
474,impervious
475,farm
476,impervious
477,forest
478,impervious
479,impervious
480,grass
481,impervious
482,grass
483,water
484,farm
485,impervious
486,impervious
487,impervious
488,impervious
489,impervious
490,grass
491,impervious
492,impervious
493,impervious
494,impervious
495,impervious
496,impervious
497,water
498,impervious
499,impervious
500,impervious
501,impervious
502,impervious
503,forest
504,impervious
505,impervious
506,grass
507,forest
508,impervious
509,impervious
510,impervious
511,impervious
512,impervious
513,impervious
514,water
515,impervious
516,impervious
517,impervious
518,impervious
519,impervious
520,impervious
521,impervious
522,impervious
523,impervious
524,impervious
525,impervious
526,impervious
527,impervious
528,impervious
529,impervious
530,impervious
531,impervious
532,impervious
533,orchard
534,impervious
535,impervious
536,impervious
537,grass
538,impervious
539,impervious
540,impervious
541,impervious
542,impervious
543,impervious
544,impervious
545,impervious
546,impervious
547,impervious
548,impervious
549,impervious
550,impervious
551,impervious
552,impervious
553,grass
554,impervious
555,impervious
556,grass
557,impervious
558,forest
559,water
560,impervious
561,impervious
562,water
563,impervious
564,impervious
565,impervious
566,impervious
567,impervious
568,impervious
569,impervious
570,impervious
571,grass
572,impervious
573,impervious
574,impervious
575,impervious
576,farm
577,impervious
578,impervious
579,impervious
580,impervious
581,impervious
582,water
583,impervious
584,impervious
585,impervious
586,impervious
587,impervious
588,impervious
589,impervious
590,impervious
591,forest
592,impervious
593,impervious
594,impervious
595,impervious
596,water
597,impervious
598,impervious
599,impervious
600,water
601,impervious
602,impervious
603,impervious
604,impervious
605,impervious
606,impervious
607,impervious
608,farm
609,impervious
610,impervious
611,impervious
612,orchard
613,impervious
614,impervious
615,impervious
616,impervious
617,impervious
618,impervious
619,impervious
620,impervious
621,impervious
622,impervious
623,impervious
624,impervious
625,impervious
626,farm
627,impervious
628,impervious
629,impervious
630,impervious
631,impervious
632,impervious
633,impervious
634,impervious
635,impervious
636,grass
637,farm
638,impervious
639,impervious
640,impervious
641,farm
642,farm
643,forest
644,impervious
645,grass
646,impervious
647,impervious
648,water
649,impervious
650,impervious
651,impervious
652,farm
653,impervious
654,grass
655,forest
656,impervious
657,impervious
658,impervious
659,impervious
660,orchard
661,impervious
662,grass
663,impervious
664,grass
665,impervious
666,impervious
667,impervious
668,impervious
669,forest
670,impervious
671,impervious
672,impervious
673,impervious
674,water
675,impervious
676,farm
677,impervious
678,farm
679,forest
680,farm
681,farm
682,grass
683,farm
684,farm
685,impervious
686,farm
687,impervious
688,farm
689,farm
690,farm
691,impervious
692,forest
693,forest
694,farm
695,farm
696,grass
697,forest
698,impervious
699,forest
700,impervious
701,farm
702,orchard
703,grass
704,grass
705,farm
706,grass
707,orchard
708,impervious
709,forest
710,grass
711,grass
712,grass
713,grass
714,forest
715,grass
716,forest
717,grass
718,farm
719,farm
720,grass
721,forest
722,farm
723,forest
724,impervious
725,grass
726,impervious
727,farm
728,orchard
729,farm
730,forest
731,impervious
732,forest
733,farm
734,grass
735,grass
736,farm
737,orchard
738,water
739,orchard
740,grass
741,forest
742,forest
743,forest
744,impervious
745,farm
746,forest
747,grass
748,forest
749,farm
750,farm
751,farm
752,impervious
753,water
754,farm
755,forest
756,forest
757,orchard
758,orchard
759,water
760,grass
761,orchard
762,forest
763,farm
764,forest
765,grass
766,farm
767,impervious
768,farm
769,farm
770,forest
771,grass
772,impervious
773,forest
774,grass
775,orchard
776,farm
777,farm
778,farm
779,forest
780,grass
781,forest
782,farm
783,water
784,forest
785,farm
786,orchard
787,impervious
788,grass
789,impervious
790,farm
791,farm
792,farm
793,impervious
794,grass
795,forest
796,forest
797,farm
798,forest
799,forest
800,impervious
801,farm
802,forest
803,grass
804,farm
805,orchard
806,forest
807,orchard
808,farm
809,farm
810,farm
811,farm
812,farm
813,grass
814,grass
815,farm
816,grass
817,impervious
818,grass
819,grass
820,orchard
821,grass
822,forest
823,forest
824,orchard
825,grass
826,grass
827,grass
828,farm
829,farm
830,impervious
831,farm
832,forest
833,farm
834,impervious
835,forest
836,orchard
837,farm
838,farm
839,grass
840,farm
841,farm
842,orchard
843,grass
844,impervious
845,grass
846,farm
847,farm
848,farm
849,farm
850,grass
851,grass
852,impervious
853,farm
854,forest
855,grass
856,grass
857,farm
858,farm
859,water
860,impervious
861,farm
862,forest
863,farm
864,farm
865,impervious
866,farm
867,farm
868,farm
869,water
870,farm
871,farm
872,impervious
873,forest
874,orchard
875,farm
876,farm
877,farm
878,farm
879,forest
880,farm
881,grass
882,farm
883,farm
884,grass
885,farm
886,water
887,farm
888,forest
889,farm
890,impervious
891,farm
892,grass
893,orchard
894,water
895,farm
896,orchard
897,forest
898,orchard
899,farm
900,forest
901,water
902,farm
903,grass
904,farm
905,forest
906,impervious
907,impervious
908,forest
909,water
910,water
911,impervious
912,farm
913,forest
914,farm
915,forest
916,farm
917,grass
918,water
919,farm
920,forest
921,farm
922,grass
923,farm
924,forest
925,impervious
926,farm
927,farm
928,farm
929,forest
930,grass
931,orchard
932,farm
933,impervious
934,farm
935,impervious
936,farm
937,farm
938,farm
939,farm
940,water
941,forest
942,forest
943,farm
944,forest
945,farm
946,impervious
947,farm
948,grass
949,orchard
950,orchard
951,farm
952,farm
953,grass
954,farm
955,orchard
956,orchard
957,grass
958,grass
959,water
960,water
961,farm
962,impervious
963,orchard
964,impervious
965,orchard
966,farm
967,grass
968,farm
969,forest
970,farm
971,forest
972,farm
973,orchard
974,farm
975,grass
976,impervious
977,grass
978,farm
979,water
980,grass
981,impervious
982,forest
983,forest
984,farm
985,forest
986,farm
987,farm
988,farm
989,forest
990,grass
991,orchard
992,farm
993,forest
994,farm
995,farm
996,farm
997,impervious
998,farm
999,impervious
1000,forest
1001,grass
1002,forest
1003,forest
1004,impervious
1005,grass
1006,impervious
1007,farm
1008,forest
1009,farm
1010,orchard
1011,water
1012,impervious
1013,impervious
1014,farm
1015,impervious
1016,water
1017,forest
1018,grass
1019,farm
1020,farm
1021,grass
1022,farm
1023,farm
1024,forest
1025,water
1026,farm
1027,forest
1028,farm
1029,farm
1030,forest
1031,impervious
1032,farm
1033,forest
1034,orchard
1035,farm
1036,farm
1037,orchard
1038,forest
1039,forest
1040,impervious
1041,impervious
1042,water
1043,orchard
1044,impervious
1045,grass
1046,farm
1047,farm
1048,impervious
1049,farm
1050,farm
1051,farm
1052,farm
1053,farm
1054,farm
1055,farm
1056,forest
1057,impervious
1058,farm
1059,forest
1060,farm
1061,water
1062,farm
1063,water
1064,forest
1065,forest
1066,impervious
1067,farm
1068,farm
1069,forest
1070,forest
1071,farm
1072,orchard
1073,impervious
1074,farm
1075,farm
1076,impervious
1077,farm
1078,farm
1079,farm
1080,grass
1081,farm
1082,impervious
1083,farm
1084,impervious
1085,farm
1086,grass
1087,water
1088,farm
1089,impervious
1090,grass
1091,orchard
1092,farm
1093,farm
1094,grass
1095,forest
1096,orchard
1097,farm
1098,orchard
1099,farm
1100,farm
1101,farm
1102,forest
1103,grass
1104,grass
1105,grass
1106,farm
1107,grass
1108,grass
1109,farm
1110,farm
1111,farm
1112,farm
1113,orchard
1114,farm
1115,farm
1116,impervious
1117,farm
1118,grass
1119,water
1120,farm
1121,farm
1122,farm
1123,impervious
1124,farm
1125,farm
1126,farm
1127,farm
1128,forest
1129,grass
1130,water
1131,grass
1132,grass
1133,farm
1134,grass
1135,water
1136,grass
1137,impervious
1138,farm
1139,farm
1140,water
1141,forest
1142,impervious
1143,orchard
1144,grass
1145,forest
1146,grass
1147,grass
1148,grass
1149,impervious
1150,farm
1151,grass
1152,farm
1153,forest
1154,forest
1155,impervious
1156,farm
1157,orchard
1158,impervious
1159,impervious
1160,forest
1161,orchard
1162,farm
1163,farm
1164,forest
1165,farm
1166,water
1167,farm
1168,farm
1169,grass
1170,orchard
1171,farm
1172,grass
1173,grass
1174,farm
1175,impervious
1176,farm
1177,farm
1178,forest
1179,grass
1180,grass
1181,farm
1182,farm
1183,forest
1184,forest
1185,impervious
1186,forest
1187,orchard
1188,farm
1189,farm
1190,farm
1191,grass
1192,grass
1193,grass
1194,farm
1195,orchard
1196,farm
1197,impervious
1198,farm
1199,farm
1200,orchard
1201,orchard
1202,forest
1203,farm
1204,grass
1205,forest
1206,impervious
1207,forest
1208,farm
1209,forest
1210,farm
1211,grass
1212,orchard
1213,grass
1214,farm
1215,farm
1216,farm
1217,farm
1218,impervious
1219,farm
1220,forest
1221,orchard
1222,water
1223,farm
1224,grass
1225,forest
1226,farm
1227,forest
1228,forest
1229,orchard
1230,farm
1231,orchard
1232,forest
1233,forest
1234,farm
1235,impervious
1236,forest
1237,water
1238,farm
1239,impervious
1240,farm
1241,forest
1242,grass
1243,farm
1244,impervious
1245,farm
1246,farm
1247,farm
1248,impervious
1249,grass
1250,farm
1251,impervious
1252,forest
1253,farm
1254,orchard
1255,grass
1256,grass
1257,forest
1258,water
1259,grass
1260,orchard
1261,grass
1262,grass
1263,farm
1264,farm
1265,water
1266,forest
1267,farm
1268,impervious
1269,orchard
1270,farm
1271,water
1272,forest
1273,farm
1274,forest
1275,farm
1276,grass
1277,forest
1278,grass
1279,forest
1280,farm
1281,forest
1282,forest
1283,forest
1284,water
1285,orchard
1286,grass
1287,forest
1288,grass
1289,grass
1290,orchard
1291,water
1292,forest
1293,forest
1294,grass
1295,grass
1296,orchard
1297,farm
1298,orchard
1299,water
1300,water
1301,orchard
1302,forest
1303,farm
1304,water
1305,orchard
1306,forest
1307,grass
1308,forest
1309,farm
1310,grass
1311,grass
1312,farm
1313,farm
1314,forest
1315,grass
1316,forest
1317,forest
1318,forest
1319,forest
1320,orchard
1321,grass
1322,forest
1323,grass
1324,forest
1325,grass
1326,forest
1327,forest
1328,forest
1329,forest
1330,grass
1331,forest
1332,forest
1333,forest
1334,farm
1335,forest
1336,forest
1337,orchard
1338,forest
1339,grass
1340,farm
1341,forest
1342,forest
1343,orchard
1344,water
1345,orchard
1346,forest
1347,orchard
1348,grass
1349,grass
1350,forest
1351,forest
1352,farm
1353,grass
1354,farm
1355,farm
1356,forest
1357,orchard
1358,grass
1359,forest
1360,grass
1361,water
1362,orchard
1363,forest
1364,forest
1365,orchard
1366,forest
1367,forest
1368,water
1369,farm
1370,forest
1371,grass
1372,forest
1373,grass
1374,grass
1375,water
1376,orchard
1377,forest
1378,forest
1379,orchard
1380,water
1381,farm
1382,forest
1383,forest
1384,orchard
1385,farm
1386,grass
1387,farm
1388,orchard
1389,forest
1390,orchard
1391,forest
1392,grass
1393,water
1394,forest
1395,orchard
1396,forest
1397,farm
1398,orchard
1399,forest
1400,orchard
1401,farm
1402,grass
1403,forest
1404,forest
1405,grass
1406,forest
1407,forest
1408,grass
1409,forest
1410,forest
1411,water
1412,forest
1413,grass
1414,forest
1415,farm
1416,forest
1417,grass
1418,water
1419,orchard
1420,grass
1421,grass
1422,orchard
1423,grass
1424,forest
1425,forest
1426,farm
1427,forest
1428,farm
1429,grass
1430,forest
1431,forest
1432,forest
1433,forest
1434,grass
1435,forest
1436,water
1437,forest
1438,forest
1439,farm
1440,forest
1441,forest
1442,orchard
1443,orchard
1444,forest
1445,forest
1446,farm
1447,forest
1448,forest
1449,forest
1450,orchard
1451,farm
1452,farm
1453,grass
1454,forest
1455,grass
1456,forest
1457,grass
1458,orchard
1459,forest
1460,forest
1461,forest
1462,farm
1463,forest
1464,forest
1465,forest
1466,water
1467,forest
1468,water
1469,grass
1470,forest
1471,impervious
1472,grass
1473,forest
1474,grass
1475,grass
1476,orchard
1477,forest
1478,farm
1479,grass
1480,forest
1481,orchard
1482,forest
1483,orchard
1484,farm
1485,orchard
1486,forest
1487,water
1488,farm
1489,forest
1490,forest
1491,grass
1492,orchard
1493,forest
1494,forest
1495,orchard
1496,grass
1497,orchard
1498,forest
1499,forest
1500,forest
1501,forest
1502,grass
1503,grass
1504,grass
1505,farm
1506,forest
1507,farm
1508,farm
1509,farm
1510,farm
1511,forest
1512,forest
1513,forest
1514,forest
1515,grass
1516,forest
1517,forest
1518,orchard
1519,orchard
1520,orchard
1521,farm
1522,forest
1523,farm
1524,farm
1525,forest
1526,forest
1527,farm
1528,forest
1529,grass
1530,grass
1531,grass
1532,grass
1533,grass
1534,grass
1535,forest
1536,forest
1537,forest
1538,orchard
1539,orchard
1540,farm
1541,forest
1542,orchard
1543,impervious
1544,forest
1545,forest
1546,forest
1547,forest
1548,forest
1549,farm
1550,farm
1551,orchard
1552,forest
1553,forest
1554,farm
1555,grass
1556,farm
1557,farm
1558,forest
1559,orchard
1560,forest
1561,forest
1562,forest
1563,orchard
1564,grass
1565,forest
1566,forest
1567,water
1568,orchard
1569,farm
1570,forest
1571,forest
1572,forest
1573,grass
1574,grass
1575,forest
1576,farm
1577,orchard
1578,forest
1579,forest
1580,forest
1581,forest
1582,orchard
1583,forest
1584,water
1585,farm
1586,grass
1587,forest
1588,forest
1589,farm
1590,forest
1591,grass
1592,forest
1593,orchard
1594,farm
1595,orchard
1596,grass
1597,forest
1598,orchard
1599,grass
1600,forest
1601,grass
1602,forest
1603,grass
1604,orchard
1605,forest
1606,forest
1607,orchard
1608,grass
1609,grass
1610,forest
1611,farm
1612,forest
1613,orchard
1614,forest
1615,orchard
1616,orchard
1617,farm
1618,forest
1619,orchard
1620,farm
1621,orchard
1622,orchard
1623,orchard
1624,forest
1625,orchard
1626,forest
1627,forest
1628,forest
1629,impervious
1630,grass
1631,forest
1632,orchard
1633,farm
1634,forest
1635,orchard
1636,grass
1637,water
1638,grass
1639,grass
1640,forest
1641,forest
1642,forest
1643,orchard
1644,forest
1645,forest
1646,forest
1647,water
1648,forest
1649,farm
1650,water
1651,forest
1652,forest
1653,forest
1654,water
1655,grass
1656,orchard
1657,forest
1658,water
1659,grass
1660,farm
1661,grass
1662,forest
1663,farm
1664,water
1665,forest
1666,grass
1667,orchard
1668,forest
1669,forest
1670,grass
1671,forest
1672,forest
1673,orchard
1674,orchard
1675,grass
1676,forest
1677,water
1678,farm
1679,orchard
1680,orchard
1681,grass
1682,grass
1683,grass
1684,forest
1685,forest
1686,forest
1687,forest
1688,grass
1689,forest
1690,grass
1691,forest
1692,grass
1693,farm
1694,forest
1695,forest
1696,forest
1697,orchard
1698,orchard
1699,grass
1700,grass
1701,forest
1702,forest
1703,forest
1704,forest
1705,farm
1706,forest
1707,farm
1708,water
1709,forest
1710,forest
1711,forest
1712,forest
1713,water
1714,forest
1715,forest
1716,water
1717,grass
1718,forest
1719,water
1720,forest
1721,grass
1722,grass
1723,impervious
1724,orchard
1725,forest
1726,forest
1727,grass
1728,farm
1729,grass
1730,orchard
1731,forest
1732,farm
1733,water
1734,forest
1735,farm
1736,farm
1737,forest
1738,forest
1739,forest
1740,grass
1741,forest
1742,orchard
1743,farm
1744,forest
1745,forest
1746,grass
1747,farm
1748,water
1749,orchard
1750,orchard
1751,farm
1752,farm
1753,orchard
1754,forest
1755,forest
1756,grass
1757,forest
1758,orchard
1759,farm
1760,orchard
1761,grass
1762,forest
1763,forest
1764,orchard
1765,forest
1766,orchard
1767,farm
1768,forest
1769,forest
1770,grass
1771,forest
1772,forest
1773,grass
1774,orchard
1775,forest
1776,farm
1777,forest
1778,farm
1779,forest
1780,orchard
1781,forest
1782,forest
1783,forest
1784,orchard
1785,orchard
1786,forest
1787,forest
1788,farm
1789,orchard
1790,orchard
1791,orchard
1792,forest
1793,water
1794,farm
1795,forest
1796,forest
1797,farm
1798,grass
1799,forest
1800,forest
1801,forest
1802,grass
1803,grass
1804,forest
1805,orchard
1806,water
1807,forest
1808,forest
1809,orchard
1810,forest
1811,forest
1812,forest
1813,farm
1814,water
1815,forest
1816,orchard
1817,grass
1818,farm
1819,forest
1820,forest
1821,farm
1822,forest
1823,farm
1824,forest
1825,forest
1826,water
1827,forest
1828,orchard
1829,forest
1830,grass
1831,forest
1832,farm
1833,forest
1834,forest
1835,grass
1836,water
1837,farm
1838,grass
1839,orchard
1840,grass
1841,orchard
1842,forest
1843,orchard
1844,orchard
1845,farm
1846,farm
1847,forest
1848,forest
1849,forest
1850,grass
1851,water
1852,forest
1853,farm
1854,forest
1855,forest
1856,farm
1857,forest
1858,forest
1859,forest
1860,grass
1861,forest
1862,orchard
1863,farm
1864,forest
1865,forest
1866,farm
1867,forest
1868,impervious
1869,forest
1870,orchard
1871,farm
1872,grass
1873,grass
1874,forest
1875,grass
1876,forest
1877,grass
1878,orchard
1879,farm
1880,orchard
1881,forest
1882,forest
1883,orchard
1884,forest
1885,orchard
1886,orchard
1887,farm
1888,orchard
1889,forest
1890,water
1891,orchard
1892,grass
1893,forest
1894,forest
1895,forest
1896,orchard
1897,grass
1898,forest
1899,water
1900,forest
1901,grass
1902,farm
1903,water
1904,grass
1905,forest
1906,grass
1907,water
1908,farm
1909,farm
1910,forest
1911,water
1912,forest
1913,orchard
1914,forest
1915,forest
1916,forest
1917,forest
1918,forest
1919,forest
1920,farm
1921,orchard
1922,farm
1923,orchard
1924,forest
1925,forest
1926,orchard
1927,grass
1928,grass
1929,forest
1930,forest
1931,forest
1932,orchard
1933,forest
1934,grass
1935,forest
1936,forest
1937,impervious
1938,grass
1939,grass
1940,orchard
1941,grass
1942,forest
1943,orchard
1944,forest
1945,forest
1946,farm
1947,orchard
1948,grass
1949,farm
1950,farm
1951,orchard
1952,grass
1953,orchard
1954,forest
1955,grass
1956,forest
1957,forest
1958,forest
1959,forest
1960,grass
1961,forest
1962,forest
1963,forest
1964,farm
1965,grass
1966,forest
1967,forest
1968,forest
1969,farm
1970,forest
1971,farm
1972,forest
1973,forest
1974,forest
1975,water
1976,forest
1977,grass
1978,forest
1979,forest
1980,forest
1981,farm
1982,forest
1983,water
1984,orchard
1985,grass
1986,farm
1987,farm
1988,grass
1989,water
1990,forest
1991,forest
1992,orchard
1993,farm
1994,forest
1995,grass
1996,forest
1997,orchard
1998,orchard
1999,forest
2000,forest
2001,forest
2002,orchard
2003,grass
2004,forest
2005,orchard
2006,orchard
2007,forest
2008,forest
2009,orchard
2010,forest
2011,water
2012,forest
2013,orchard
2014,forest
2015,forest
2016,forest
2017,grass
2018,farm
2019,forest
2020,grass
2021,forest
2022,forest
2023,orchard
2024,forest
2025,forest
2026,forest
2027,grass
2028,orchard
2029,forest
2030,forest
2031,orchard
2032,forest
2033,forest
2034,water
2035,farm
2036,forest
2037,orchard
2038,forest
2039,water
2040,forest
2041,grass
2042,orchard
2043,grass
2044,forest
2045,forest
2046,orchard
2047,water
2048,forest
2049,forest
2050,grass
2051,grass
2052,forest
2053,forest
2054,forest
2055,impervious
2056,forest
2057,forest
2058,farm
2059,forest
2060,farm
2061,impervious
2062,forest
2063,farm
2064,orchard
2065,grass
2066,orchard
2067,forest
2068,forest
2069,farm
2070,forest
2071,grass
2072,grass
2073,forest
2074,orchard
2075,forest
2076,forest
2077,orchard
2078,forest
2079,forest
2080,forest
2081,forest
2082,water
2083,grass
2084,forest
2085,orchard
2086,farm
2087,orchard
2088,forest
2089,orchard
2090,grass
2091,farm
2092,orchard
2093,forest
2094,orchard
2095,orchard
2096,water
2097,orchard
2098,grass
2099,forest
2100,forest
2101,forest
2102,farm
2103,orchard
2104,forest
2105,grass
2106,grass
2107,grass
2108,forest
2109,farm
2110,water
2111,orchard
2112,forest
2113,orchard
2114,forest
2115,grass
2116,water
2117,farm
2118,farm
2119,forest
2120,forest
2121,orchard
2122,impervious
2123,orchard
2124,forest
2125,orchard
2126,forest
2127,farm
2128,forest
2129,forest
2130,forest
2131,grass
2132,grass
2133,grass
2134,forest
2135,forest
2136,forest
2137,water
2138,orchard
2139,forest
2140,forest
2141,farm
2142,forest
2143,water
2144,forest
2145,forest
2146,forest
2147,forest
2148,forest
2149,forest
2150,forest
2151,forest
2152,forest
2153,forest
2154,farm
2155,forest
2156,orchard
2157,forest
2158,orchard
2159,forest
2160,forest
2161,forest
2162,farm
2163,farm
2164,orchard
2165,forest
2166,forest
2167,farm
2168,farm
2169,grass
2170,forest
2171,orchard
2172,forest
2173,forest
2174,orchard
2175,forest
2176,orchard
2177,orchard
2178,forest
2179,orchard
2180,grass
2181,water
2182,forest
2183,forest
2184,orchard
2185,forest
2186,farm
2187,forest
2188,grass
2189,forest
2190,forest
2191,forest
2192,orchard
2193,grass
2194,forest
2195,orchard
2196,farm
2197,forest
2198,forest
2199,forest
2200,forest
2201,forest
2202,grass
2203,forest
2204,forest
2205,forest
2206,farm
2207,orchard
2208,farm
2209,grass
2210,farm
2211,forest
2212,grass
2213,forest
2214,forest
2215,forest
2216,forest
2217,forest
2218,orchard
2219,forest
2220,grass
2221,forest
2222,farm
2223,forest
2224,farm
2225,farm
2226,forest
2227,farm
2228,grass
2229,forest
2230,forest
2231,forest
2232,forest
2233,forest
2234,forest
2235,farm
2236,forest
2237,forest
2238,water
2239,grass
2240,grass
2241,forest
2242,orchard
2243,forest
2244,forest
2245,water
2246,orchard
2247,grass
2248,orchard
2249,orchard
2250,grass
2251,orchard
2252,farm
2253,grass
2254,farm
2255,forest
2256,forest
2257,farm
2258,orchard
2259,grass
2260,forest
2261,forest
2262,grass
2263,forest
2264,forest
2265,forest
2266,forest
2267,farm
2268,forest
2269,farm
2270,forest
2271,forest
2272,orchard
2273,impervious
2274,forest
2275,water
2276,orchard
2277,forest
2278,farm
2279,forest
2280,forest
2281,orchard
2282,forest
2283,grass
2284,forest
2285,grass
2286,forest
2287,orchard
2288,grass
2289,forest
2290,water
2291,forest
2292,orchard
2293,farm
2294,farm
2295,grass
2296,farm
2297,farm
2298,farm
2299,forest
2300,water
2301,forest
2302,forest
2303,orchard
2304,water
2305,forest
2306,forest
2307,farm
2308,forest
2309,farm
2310,forest
2311,water
2312,grass
2313,forest
2314,forest
2315,grass
2316,farm
2317,forest
2318,farm
2319,orchard
2320,farm
2321,impervious
2322,orchard
2323,forest
2324,orchard
2325,orchard
2326,orchard
2327,orchard
2328,forest
2329,forest
2330,grass
2331,water
2332,farm
2333,water
2334,forest
2335,orchard
2336,forest
2337,grass
2338,orchard
2339,farm
2340,farm
2341,grass
2342,forest
2343,forest
2344,orchard
2345,forest
2346,grass
2347,farm
2348,orchard
2349,forest
2350,orchard
2351,grass
2352,forest
2353,forest
2354,farm
2355,grass
2356,forest
2357,orchard
2358,grass
2359,farm
2360,grass
2361,forest
2362,forest
2363,forest
2364,forest
2365,orchard
2366,forest
2367,orchard
2368,impervious
2369,forest
2370,farm
2371,orchard
2372,grass
2373,orchard
2374,farm
2375,orchard
2376,forest
2377,water
2378,grass
2379,farm
2380,forest
2381,orchard
2382,farm
2383,grass
2384,orchard
2385,orchard
2386,forest
2387,forest
2388,forest
2389,forest
2390,forest
2391,orchard
2392,forest
2393,grass
2394,orchard
2395,water
2396,forest
2397,grass
2398,forest
2399,forest
2400,forest
2401,orchard
2402,farm
2403,grass
2404,orchard
2405,farm
2406,water
2407,forest
2408,orchard
2409,farm
2410,orchard
2411,grass
2412,grass
2413,forest
2414,orchard
2415,forest
2416,orchard
2417,water
2418,forest
2419,forest
2420,orchard
2421,grass
2422,forest
2423,forest
2424,grass
2425,forest
2426,farm
2427,grass
2428,water
2429,orchard
2430,forest
2431,forest
2432,orchard
2433,farm
2434,water
2435,forest
2436,orchard
2437,forest
2438,farm
2439,grass
2440,orchard
2441,orchard
2442,forest
2443,orchard
2444,grass
2445,orchard
2446,orchard
2447,grass
2448,forest
2449,forest
2450,forest
2451,farm
2452,grass
2453,forest
2454,farm
2455,grass
2456,forest
2457,farm
2458,forest
2459,farm
2460,forest
2461,farm
2462,orchard
2463,forest
2464,farm
2465,forest
2466,forest
2467,orchard
2468,farm
2469,forest
2470,forest
2471,forest
2472,forest
2473,forest
2474,grass
2475,grass
2476,forest
2477,forest
2478,grass
2479,forest
2480,farm
2481,farm
2482,forest
2483,grass
2484,forest
2485,grass
2486,farm
2487,water
2488,forest
2489,forest
2490,grass
2491,grass
2492,grass
2493,farm
2494,grass
2495,grass
2496,forest
2497,orchard
2498,forest
2499,forest
2500,grass
2501,forest
2502,forest
2503,orchard
2504,forest
2505,forest
2506,forest
2507,orchard
2508,farm
2509,forest
2510,forest
2511,grass
2512,forest
2513,grass
2514,forest
2515,forest
2516,orchard
2517,farm
2518,forest
2519,grass
2520,forest
2521,grass
2522,farm
2523,orchard
2524,orchard
2525,farm
2526,water
2527,forest
2528,forest
2529,forest
2530,forest
2531,orchard
2532,forest
2533,grass
2534,forest
2535,orchard
2536,forest
2537,forest
2538,water
2539,grass
2540,farm
2541,forest
2542,grass
2543,grass
2544,orchard
2545,farm
2546,water
2547,impervious
2548,water
2549,water
2550,impervious
2551,water
2552,grass
2553,impervious
2554,impervious
2555,impervious
2556,impervious
2557,water
2558,impervious
2559,impervious
2560,forest
2561,forest
2562,orchard
2563,orchard
2564,orchard
2565,orchard
2566,forest
2567,grass
2568,orchard
2569,forest
2570,grass
2571,orchard
2572,forest
2573,forest
2574,orchard
2575,orchard
2576,grass
2577,forest
2578,orchard
2579,forest
2580,forest
2581,forest
2582,forest
2583,orchard
2584,forest
2585,forest
2586,forest
2587,farm
2588,forest
2589,forest
2590,water
2591,grass
2592,water
2593,grass
2594,orchard
2595,forest
2596,orchard
2597,forest
2598,forest
2599,farm
2600,water
2601,farm
2602,forest
2603,forest
2604,forest
2605,forest
2606,forest
2607,water
2608,farm
2609,water
2610,farm
2611,forest
2612,grass
2613,forest
2614,forest
2615,orchard
2616,orchard
2617,orchard
2618,grass
2619,water
2620,water
2621,water
2622,forest
2623,grass
2624,water
2625,impervious
2626,impervious
2627,impervious
2628,impervious
2629,impervious
2630,impervious
2631,water
2632,orchard
2633,impervious
2634,impervious
2635,water
2636,impervious
2637,impervious
2638,impervious
2639,grass
2640,farm
2641,farm
2642,impervious
2643,water
2644,impervious
2645,impervious
2646,forest
2647,water
2648,impervious
2649,impervious
2650,grass
2651,impervious
2652,impervious
2653,water
2654,orchard
2655,impervious
2656,grass
2657,grass
2658,grass
2659,orchard
2660,impervious
2661,water
2662,water
2663,orchard
2664,grass
2665,farm
2666,impervious
2667,forest
2668,farm
2669,grass
2670,grass
2671,forest
2672,forest
2673,impervious
2674,water
2675,water
2676,farm
2677,water
2678,water
2679,grass
2680,farm
2681,forest
2682,grass
2683,forest
2684,impervious
2685,forest
2686,forest
2687,impervious
2688,farm
2689,farm
2690,farm
2691,orchard
2692,grass
2693,farm
2694,farm
2695,farm
2696,farm
2697,water
2698,farm
2699,impervious
2700,farm
2701,farm
2702,forest
2703,orchard
2704,forest
2705,forest
2706,farm
2707,farm
2708,farm
2709,farm
2710,farm
2711,impervious
2712,impervious
2713,impervious
2714,impervious
2715,orchard
2716,farm
2717,grass
2718,grass
2719,impervious
2720,grass
2721,grass
2722,grass
2723,farm
2724,orchard
2725,impervious
2726,orchard
2727,orchard
2728,orchard
2729,forest
2730,orchard
2731,forest
2732,forest
2733,orchard
2734,orchard
2735,grass
2736,forest
2737,orchard
2738,forest
2739,orchard
2740,forest
2741,orchard
2742,orchard
2743,orchard
2744,forest
2745,orchard
2746,grass
2747,forest
2748,orchard
2749,forest
2750,grass
2751,orchard
2752,impervious
2753,impervious
2754,impervious
2755,impervious
2756,grass
2757,farm
2758,forest
2759,grass
2760,farm
2761,impervious
2762,impervious
2763,grass
2764,farm
2765,impervious
2766,grass
2767,grass
2768,farm
2769,impervious
2770,orchard
2771,grass
2772,farm
2773,farm
2774,farm
2775,impervious
2776,grass
2777,grass
2778,grass
2779,grass
2780,grass
2781,forest
2782,orchard
2783,grass
2784,forest
2785,forest
2786,forest
2787,forest
2788,forest
2789,forest
2790,forest
2791,forest
2792,orchard
2793,forest
2794,forest
2795,forest
2796,orchard
2797,forest
2798,grass
2799,forest
2800,orchard
2801,forest
2802,grass
2803,grass
2804,orchard
2805,orchard
2806,grass
2807,forest
2808,forest
2809,grass
2810,forest
2811,orchard
2812,grass
2813,forest
2814,forest
2815,orchard
2816,forest
2817,forest
2818,orchard
2819,forest
2820,forest
2821,impervious
2822,impervious
2823,orchard
2824,water
2825,water
2826,water
2827,water
2828,water
2829,water
2830,water
2831,water
2832,water
2833,water
2834,water
2835,water
2836,water
2837,water
2838,water
2839,water
2840,water
2841,water
2842,water
2843,water
2844,water
2845,water
